Need,Deft
Delete,Impose
NeedDelete,DeftImpose
is,So
Test,Tune
isTest,SoTune
Keys,Wary
target,Seldom
Click,Flute
Btn,Via
ClickBtn,FluteVia
corners,Kinship
center,Indium
radius,Hollow
material,Titanium
current,Loyally
Radius,Breach
currentRadius,LoyallyBreach
shrink,Mainly
Time,Port
shrinkTime,MainlyPort
event,Chunk
Penetrate,Aesthetic
eventPenetrate,ChunkAesthetic
Velocity,Magnetic
shrinkVelocity,MainlyMagnetic
Image,Knife
targetImage,SeldomKnife
Text,Tear
Offset,Brutal
targetOffsetX,SeldomBrutalX
targetOffsetY,SeldomBrutalY
currentOffsetX,LoyallyBrutalX
currentOffsetY,LoyallyBrutalY
Currentindex,Musicologist
shrinkVelocityX,MainlyMagneticX
shrinkVelocityY,MainlyMagneticY
Chapter,Traffic
Count,Extol
ChapterCount,TrafficExtol
Change,Factor
Clear,Virgo
Block,Hardy
Stage,Share
ChangeClearBlockStage,FactorVirgoHardyShare
ClearBlock,VirgoHardy
Target,Cobalt
Fly,Elk
TargetBlockFly,CobaltHardyElk
Wheel,Bowel
Reward,Mortal
WheelReward,BowelMortal
Scratchcard,Incorrectly
ScratchcardReward,IncorrectlyMortal
Source,Backup
SourceReward,BackupMortal
Game,When
Failed,Lethal
GameFailed,WhenLethal
Success,Iceberg
GameSuccess,WhenIceberg
accumulate,Philosophy
accumulateCount,PhilosophyExtol
Cur,Pry
Complete,Homeless
Word,Epic
CurCompleteWord,PryHomelessEpic
Sch,Lop
CurChapterSch,PryTrafficLop
Total,Early
CurTotalChapter,PryEarlyTraffic
Have,Care
Scratch,Company
Card,Scat
isHaveScratchCard,SoCareCompanyScat
isHaveScratchReward,SoCareCompanyMortal
isHaveWheel,SoCareBowel
isHaveSource,SoCareBackup
Schedule,Overtime
next,File
Step,Save
nextStep,FileSave
_nextStep,_FileSave
finish,Finish
Call,Weft
Back,Good
finishCallBack,FinishWeftGood
_finishCallBack,_FinishWeftGood
ready,Vapor
today,Fault
Once,Mere
OnceSource,MereBackup
Mental,Attach
MentalRewardID,AttachMortalID
TotalMental,EarlyAttach
Data,Gaze
One,Dam
OneReward,DamMortal
Two,Hue
TwoReward,HueMortal
Three,Dutch
ThreeReward,DutchMortal
Four,Slit
FourReward,SlitMortal
Info,Coma
Objs,Clue
RewardInfoObjs,MortalComaClue
Select,Chorus
Day,Yam
SelectDaySchImage,ChorusYamLopKnife
Spine,Begin
Ani,Sun
SpineAni,BeginSun
SelectDaySchText,ChorusYamLopTear
Dic,Say
SelectDaySchDicText,ChorusYamLopSayTear
BlockBtn,HardyVia
Widget,Lizard
Obj,Put
MentalWidgetObj,AttachLizardPut
scroll,Friend
Rect,Main
scrollRect,FriendMain
select,Parrot
Int,Win
selectInt,ParrotWin
Ad,By
AdBtn,ByVia
Normal,Expert
NormalBtn,ExpertVia
Cash,Hurl
CashText,HurlTear
SchText,LopTear
Tittle,Toward
TittleText,TowardTear
Little,Memory
LittleSchText,MemoryLopTear
SchImage,LopKnife
SchTwoImage,LopHueKnife
CashImage,HurlKnife
Coin,Luce
CoinImage,LuceKnife
Value,Seedy
Top,Wax
TopImage,WaxKnife
Bottom,Domain
BottomImage,DomainKnife
Start,Sewer
StartSpine,SewerBegin
Otherfinish,Grammatical
Slot,Blip
List,Name
SlotBlockList,BlipHardyName
BlockList,HardyName
AD,AD
BlockList_AD,HardyName_AD
Scale,Habit
TimeScale,PortHabit
Double,Ethnic
DoubleBtn,EthnicVia
Receive,Conquer
ReceiveBtn,ConquerVia
Loops,Scout
Box,Fen
BoxSpine,FenBegin
Bar,Mud
RewardBar,MortalMud
show,Lint
showList,LintName
RewardText,MortalTear
SlotObjs,BlipClue
End,Rye
EndRewardText,RyeMortalTear
CoinText,LuceTear
CoinTF,LuceTF
CashTF,HurlTF
value,Style
info,Hear
Multiplier,Militarily
ui,No
Element,Removal
uiElement,NoRemoval
control,Plummet
Point,Spend
controlPoint,PlummetSpend
duration,Electric
t,t
Free,Warm
Spin,Moss
FreeSpinBtn,WarmMossVia
RewardObjs,MortalClue
WheelObj,BowelPut
Effect,Puffin
EffectObj,PuffinPut
WheelSpineAni,BowelBeginSun
rewards,Vestige
Get,His
Type,Well
GetRewardType,HisMortalWell
spin,Wood
Counts,Shaper
spinCounts,WoodShaper
Show,Ford
ShowList,FordName
Gold,From
Button,Proton
GoldButton,FromProton
Token,Meter
TokenBtn,MeterVia
Next,Dirt
NextBtn,DirtVia
FailedBtn,LethalVia
Challenge,Swordfish
Retay,Creep
ChallengeRetayBtn,SwordfishCreepVia
Home,Find
HomeBtn,FindVia
SuccessRewardImage,IcebergMortalKnife
SuccessRewardText,IcebergMortalTear
Slider,Mildly
BoxRewardSlider,FenMortalMildly
BoxRewardSchObj,FenMortalLopPut
TargetObjs,CobaltClue
Best,Lime
ChallengeBestSourceText,SwordfishLimeBackupTear
CurChallengeSourceText,PrySwordfishBackupTear
CurChallengeSourceTwoText,PrySwordfishBackupHueTear
BestChallengeSourceTwoText,LimeSwordfishBackupHueTear
Rewad,Close
ChallengeRewadImage,SwordfishCloseKnife
Rewed,Style
ChallengeRewedText,SwordfishRewedTear
FX,FX
FX_Challenge,FX_Swordfish
Fire,Four
Work,Arab
FireWork,FourArab
FX_FireWork,FX_FourArab
RewardChallengeCash,MortalSwordfishHurl
Group,Giant
PBGroup,PBGiant
Ancu,Bake
Scene,Pupil
Mask,Five
ChangeSceneMask,FactorPupilFive
TopBar,WaxMud
type,Whip
BlockGroupObjs,HardyGiantClue
Combo,Block
Item,Bath
ComboItem,BlockBath
SourceItem,BackupBath
Check,Route
Board,Novel
CheckBoardGroup,RouteNovelGiant
GameBoard,WhenNovel
BlockSP,HardySP
More,Toad
MoreClear,ToadVirgo
ComboSpine,BlockBegin
TargetBarObj,CobaltMudPut
SourceBarObj,BackupMudPut
Cue,Gel
CueSourceText,GelBackupTear
Max,Ute
MaxSourceText,UteBackupTear
Guide,Quilt
GuideSpine,QuiltBegin
MaskObj,FivePut
ClearSpineRect,VirgoBeginMain
Square,Gender
ClearSpineSquare,VirgoBeginGender
time,Heal
isStart,SoSewer
Setting,Forever
SettingBtn,ForeverVia
Brain,Fatty
BrainBtn,FattyVia
TargetList,CobaltName
Level,Crude
Over,Rote
LevelOverSpine,CrudeRoteBegin
Airwall,Dolphin
LevelStart,CrudeSewer
Right,Cliff
WheelRightImage,BowelCliffKnife
WheelReward1,BowelMortal1
WheelReward2,BowelMortal2
BrainImage,FattyKnife
Progress,Regional
BrainProgressText,FattyRegionalTear
BottomBar,DomainMud
Bonus,Tempt
BonusSpine,TemptBegin
Circle,Tunnel
Guidance,Spoilage
CircleGuidanceObj,TunnelSpoilagePut
RectGuidanceObj,MainSpoilagePut
GuideText,QuiltTear
GuideTwoText,QuiltHueTear
MaskBtn,FiveVia
sch,Pul
ChallengeBtn,SwordfishVia
Classic,Redwing
ClassicBtn,RedwingVia
ClassicBtnText,RedwingViaTear
No,By
NoClassicBtn,NoRedwingVia
ADButton,ADProton
NextLevelButton,DirtCrudeProton
ADText,ADTear
SlotBG,BlipBG
RewardCashImage,MortalHurlKnife
RewardGoldImage,MortalFromKnife
reward,Girder
rewardValue,GirderSeedy
has,Wet
Clicked,Presage
hasClickedAdBtn,WetPresageByVia
BG,BG
targetList,SeldomName
slider,Gaslit
sliderImage,GaslitKnife
progress,Building
Percent,Seepage
progressPercent,BuildingSeepage
ProgressText,RegionalTear
Version,Fresher
VersionText,FresherTear
percent,Melange
LAST,LAST
LOGIN,LOGIN
DATE,DATE
KEY,KEY
LAST_LOGIN_DATE_KEY,LAST_LOGIN_DATE_KEY
multi,Spark
item,Utah
text,Tang
textItem,TangBath
OnceChapterObjs,MereTrafficClue
ChangeSchBtn,FactorLopVia
CurLevelText,PryCrudeTear
Content,Rawhide
Trophy,Rocket
TrophyFX,RocketFX
TrophyImage,RocketKnife
ShowObjs,FordClue
Revive,Phrase
ReviveText,PhraseTear
rewardType,GirderWell
Scraping,Outsider
Widgets,Popular
ScrapingCardWidgets,OutsiderScatPopular
RewardObj,MortalPut
Rub,Win
RewardRubObj,MortalRubPut
RubObj,WinPut
Hide,Ibex
Cover,Seedy
HideCoverBtn,IbexCoverVia
rewardItem,GirderBath
_rewardItem,_GirderBath
rewardCount,GirderExtol
Pool,Pony
TotalRewardPool,EarlyMortalPony
clear,Heavy
clearCount,HeavyExtol
rewardPool,GirderPony
Sound,Biome
Sound_Button,Biome_Proton
Music,Raise
Music_Button,Raise_Proton
Vibration,Amazement
VibrationBtn,AmazementVia
Bug,Bus
BugInfoButton,BusComaProton
Icon,Leak
SoundIcon,BiomeLeak
MusicIcon,RaiseLeak
VibrationIcon,AmazementLeak
BackBtn,GoodVia
Open,Kiln
Sprite,Silent
SoundOpenSprite,BiomeKilnSilent
MusicOpenSprite,RaiseKilnSilent
VibrationOpenSprite,AmazementKilnSilent
Debug,Thumb
Index,Frown
DebugInfoIndex,ThumbComaFrown
Init,Bank
InitGroup,BankGiant
template,Achingly
Multi,Exalt
Object,Script
templateMultiObject,AchinglyExaltScript
Width,Gesso
itemWidth,UtahGesso
RewardIcon,MortalLeak
GoldIcon,FromLeak
CashIcon,HurlLeak
Finish,Market
FinishIcon,MarketLeak
name,Plow
volume,Attest
file,Soda
Path,Odor
filePath,SodaOdor
Audio,Canal
Mgr,Eka
AudioMgr,CanalEka
Component,Kilometer
Queue,Purge
AudioComponentQueue,CanalKilometerPurge
MaxCount,UteExtol
AudioQueue,CanalPurge
m,m
bg,ID
bgMusic,IDRaise
m_bgMusic,m_IDRaise
Play,Item
PlayAudioSourceList,ItemCanalBackupName
Interval,Isotopic
CheckInterval,RouteIsotopic
Bg,Of
Switch,Climax
BgMusicSwitch,OfRaiseClimax
_BgMusicSwitch,_OfRaiseClimax
EffectMusicSwitch,PuffinRaiseClimax
_EffectMusicSwitch,_PuffinRaiseClimax
Volume,Starch
BgVolume,OfStarch
_BgVolume,_OfStarch
EffectVolume,PuffinStarch
_EffectVolume,_PuffinStarch
BGM,BGM
Name,Knot
BGM_Name,BGM_Knot
Dict,Farm
AudioSettingDict,CanalForeverFarm
Round,Merit
Digits,Crouch
RoundDigits,MeritCrouch
frames,Floral
framerate,Earthward
ignore,Future
ignoreTimeScale,FuturePortHabit
loop,Meet
curve,Lvory
image,Human
sprite,London
Renderer,Integral
spriteRenderer,LondonIntegral
Frame,Drama
currentFrameIndex,LoyallyDramaFrown
timer,Boule
Framerate,Literally
currentFramerate,LoyallyLiterally
Target_Type,Cobalt_Well
Layout,Climax
Layout_Type,Layout_Well
Run,Don
Run_Time,Don_Port
Number,Sadden
Layout_Number,Climax_Sadden
appid,Inner
dictionary,Comprehend
Message,Precise
dictionaryMessage,ComprehendPrecise
Bool,Deck
valueBool,StyleDeck
valueBool2,StyleDeck2
valueInt,StyleWin
valueInt2,StyleWin2
valueInt3,StyleWin3
Float,Scour
valueFloat,StyleScour
valueFloat2,StyleScour2
valueDouble,StyleEthnic
valueDouble2,StyleEthnic2
String,Huddle
valueString,StyleHuddle
valueString2,StyleHuddle2
valueGameObject,StyleWhenScript
valueGameObject2,StyleWhenScript2
valueGameObject3,StyleWhenScript3
valueGameObject4,StyleWhenScript4
Transform,Literally
valueTransform,StyleTransform
value2Transform,Style2Literally
valueStringList,StyleHuddleName
Vec,Bis
valueVec,StyleBis
valueVec2List,StyleBis2Name
valueIntList,StyleWinName
message,Outcome
messageCallBack,OutcomeWeftGood
vec,Him
vec2_1,Him2_1
vec2_2,Him2_2
Login,Dusty
Url,Rye
LoginUrl,DustyUrl
Config,Choppy
ConfigUrl,ChoppyRye
TimeUrl,PortRye
Adjust,Plenty
AdjustUrl,PlentyRye
sv,Of
Local,Sedge
User,Deft
Id,Ax
LocalUserId,SedgeUserAx
sv_LocalUserId,sv_SedgeUserAx
Server,Runoff
LocalServerId,SedgeRunoffAx
sv_LocalServerId,Of_SedgeRunoffAx
Is,My
New,Ray
Player,Bovine
IsNewPlayer,MyRayBovine
sv_IsNewPlayer,Of_MyRayBovine
Daily,Roost
Bouns,Watch
DailyBounsGetCount,RoostWatchHisExtol
sv_DailyBounsGetCount,Of_RoostWatchHisExtol
Date,Poll
DailyBounsDate,RoostWatchPoll
sv_DailyBounsDate,Of_RoostWatchPoll
NewUserStep,RayDeftSave
sv_NewUserStep,Of_RayDeftSave
GoldCoin,FromLuce
sv_GoldCoin,Of_FromLuce
Cumulative,Innovation
CumulativeGoldCoin,InnovationFromLuce
sv_CumulativeGoldCoin,Of_InnovationFromLuce
sv_Token,Of_Meter
CumulativeToken,InnovationMeter
sv_CumulativeToken,Of_InnovationMeter
Amazon,Corset
sv_Amazon,Of_Corset
CumulativeAmazon,InnovationCorset
sv_CumulativeAmazon,Of_InnovationCorset
TotalGameTime,EarlyWhenPort
sv_TotalGameTime,Of_EarlyWhenPort
First,Night
FirstGetToken,NightHisMeter
sv_FirstGetToken,Of_NightHisMeter
Has,Day
Rate,Buzz
Panel,Spear
HasShowRatePanel,DayFordBuzzSpear
sv_HasShowRatePanel,Of_DayFordBuzzSpear
Lottery,Jewelry
CumulativeLottery,InnovationJewelry
sv_CumulativeLottery,Of_InnovationJewelry
Already,Radiate
Pass,Blur
Levels,Piston
AlreadyPassLevels,RadiateBlurPiston
sv_AlreadyPassLevels,Of_RadiateBlurPiston
NewUserStepFinish,RayDeftSaveMarket
sv_NewUserStepFinish,Of_RayDeftSaveMarket
task,Beat
level,Write
count,Greet
sv_task_level_count,Of_Beat_Write_Greet
FirstSlot,NightBlip
sv_FirstSlot,Of_NightBlip
Adid,Rare
AdjustAdid,PlentyRare
sv_AdjustAdid,Of_PlentyRare
ad,Ox
trial,Filmy
num,Nor
sv_ad_trial_num,Of_Ox_Filmy_Nor
total,Apply
sv_total_ad_num,Of_Apply_Ox_Nor
BlockGroupCount,HardyGiantExtol
sv_BlockGroupCount,Of_HardyGiantExtol
LevelId,CrudeAx
sv_LevelId,Of_CrudeAx
WheelCount,BowelExtol
sv_WheelCount,Of_BowelExtol
sv_WheelReward,Of_BowelMortal
Today,Below
TodaySourceCount,BelowBackupExtol
sv_TodaySourceCount,Of_BelowBackupExtol
CurSourceCount,PryBackupExtol
sv_CurSourceCount,Of_PryBackupExtol
MaxSourceCount,UteBackupExtol
sv_MaxSourceCount,Of_UteBackupExtol
RewardType,MortalWell
sv_RewardType,Of_MortalWell
RewardValue,MortalSeedy
sv_RewardValue,Of_MortalSeedy
ScratchCardCount,CompanyScatExtol
sv_ScratchCardCount,Of_CompanyScatExtol
Exist,Fleet
ExistScratchCard,FleetCompanyScat
sv_ExistScratchCard,Of_FleetCompanyScat
Place,Query
PlaceBlockCount,QueryHardyExtol
sv_PlaceBlockCount,Of_QueryHardyExtol
ComboCount,BlockExtol
sv_ComboCount,Of_BlockExtol
Mode,Boat
CurGameMode,PryWhenBoat
sv_CurGameMode,Of_PryWhenBoat
MentalSourceInfo,AttachBackupComa
sv_MentalSourceInfo,Of_AttachBackupComa
FinishStage,MarketShare
sv_FinishStage,Of_MarketShare
IsCompleteChapter,MyHomelessTraffic
sv_IsCompleteChapter,Of_MyHomelessTraffic
Preset,Beauty
BlockPreset,HardyBeauty
sv_BlockPreset,Of_HardyBeauty
PresetCount,BeautyExtol
sv_PresetCount,Of_BeautyExtol
Logic,Bliss
Correction,Absolutely
LogicCorrectionBlock,BlissAbsolutelyHardy
sv_LogicCorrectionBlock,Of_BlissAbsolutelyHardy
FloatLogicCorrectionBlock,ScourBlissAbsolutelyHardy
sv_FloatLogicCorrectionBlock,Of_ScourBlissAbsolutelyHardy
Vibrate,Cabbage
IsVibrate,MyCabbage
sv_IsVibrate,Of_MyCabbage
SettingHome,ForeverFind
sv_SettingHome,Of_ForeverFind
Rule,Stay
GuideGameRule,QuiltWhenStay
sv_GuideGameRule,Of_QuiltWhenStay
GuideGameSch,QuiltWhenLop
sv_GuideGameSch,Of_QuiltWhenLop
Record,Entail
DayRecordWidget,YamEntailLizard
sv_DayRecordWidget,Of_YamEntailLizard
Rateus,Worsen
sv_Rateus,Of_Worsen
IsRevive,MyPhrase
sv_IsRevive,Of_MyPhrase
ClassicBonus,RedwingTempt
sv_ClassicBonus,Of_RedwingTempt
mg,We
Window,Spiral
WindowOpen,SpiralKiln
mg_WindowOpen,We_SpiralKiln
Close,Spoon
WindowClose,SpiralSpoon
mg_WindowClose,We_SpiralSpoon
levelcomplete,Micronutrient
mg_ui_levelcomplete,We_No_Micronutrient
addgold,Overrun
mg_ui_addgold,We_No_Overrun
addtoken,Promptly
mg_ui_addtoken,We_No_Promptly
Special,Fishery
addtokenSpecial,PromptlyFishery
mg_ui_addtokenSpecial,We_No_PromptlyFishery
addamazon,Avalanche
mg_ui_addamazon,We_No_Avalanche
Suspend,Gaseous
GameSuspend,WhenGaseous
mg_GameSuspend,We_WhenGaseous
ItemChange,BathFactor
mg_ItemChange_,We_BathFactor_
Refresh,Iceland
RefreshLevelTarget,IcelandCrudeCobalt
mg_RefreshLevelTarget,We_IcelandCrudeCobalt
RefreshSource,IcelandBackup
mg_RefreshSource,We_IcelandBackup
Scard,Three
ScardReward,ThreeMortal
mg_ScardReward,We_ThreeMortal
WheelUI,BowelUI
mg_WheelUI,We_BowelUI
BrainUI,FattyUI
mg_BrainUI,We_FattyUI
And,Day
Com,Bow
CloseAndComGuide,SpoonAndBowQuilt
mg_CloseAndComGuide,We_SpoonAndBowQuilt
ChangeGuideGameRule,FactorQuiltWhenStay
mg_ChangeGuideGameRule,We_FactorQuiltWhenStay
path,View
path_GoldCoin_Sprite,View_FromLuce_Silent
Dimond,Beater
path_Token_Sprite_Dimond,View_Meter_Silent_Beater
path_Block,View_Hardy
TIMEOUT,TIMEOUT
Base,Alga
BaseUrl,AlgaRye
BaseLoginUrl,AlgaDustyRye
BaseConfigUrl,AlgaChoppyRye
BaseTimeUrl,AlgaPortRye
BaseAdjustUrl,AlgaPlentyRye
Code,Rosy
GameCode,WhenRosy
Channel,Husband
country,Foundry
ConfigData,ChoppyGaze
InitData,BankGaze
GameData,WhenGaze
Manager,Faculty
adManager,OxFaculty
gaid,Yelp
aid,Ask
idfa,Clan
ready_count,Vapor_Greet
version,Shopper
GetSuccess,HisIceberg
Fail,Tile
GetFail,HisTile
Net,Wit
NetWorkGetList,WitArabHisName
Post,Harm
NetWorkPostList,WitArabHarmName
URL,URL
Form,Trap
PostSuccess,HarmIceberg
PostFail,HarmTile
PoolQueue,PonyPurge
m_PoolQueue,m_PonyPurge
PoolName,PonyKnot
m_PoolName,m_PonyKnot
Parent,Deadly
m_Parent,m_Deadly
prefab,Region
m_MaxCount,m_UteExtol
Default,Orogeny
DefaultMaxCount,OrogenyUteExtol
m_DefaultMaxCount,m_OrogenyUteExtol
PoolDic,PonySay
m_PoolDic,m_PonySay
Root,Kiwi
RootTransform,KiwiLiterally
m_RootTransform,m_KiwiLiterally
Toast,Weave
ToastText,WeaveTear
need,Risk
needStartRefresh,RiskSewerIceland
ShowObj,FordPut
BlockInfo,HardyComa
Pos,Bur
BlockPos,HardyBur
canvas,Budget
canvasGroup,BudgetGiant
id,Go
_id,_Go
block,Trade
blockItem,TradeBath
_blockItem,_TradeBath
color,Upset
Send,Dram
isOpenSendTime,SoKilnDramPort
Easy,Fine
EasyBlockInfo,FineHardyComa
ChangeBlock,FactorHardy
Sprites,Enclose
BlockSprites,HardyEnclose
BlockTargetSprites,HardyCobaltEnclose
Items,Vogue
ShowBlockItems,FordHardyVogue
BlockGroupItems,HardyGiantVogue
Color,Thing
ColorBlockSprites,ThingHardyEnclose
A,A
ColorBlockSprites_A,ThingHardyEnclose_A
json,Pool
jsonTwo,PoolHue
CheckBoardTarget,RouteNovelCobalt
Limit,Weedy
ClassicSourceCountLimit,RedwingBackupExtolWeedy
BlockImage,HardyKnife
SelectImage,ChorusKnife
Can,Foe
Plete,Unity
CanComPleteImage,FoeBowUnityKnife
ClearObj,VirgoPut
FlyEffect,ElkPuffin
spine,Venue
X,X
Y,Y
original,Adjacent
originalColor,AdjacentThing
RewardImage,MortalKnife
Appear,Cubism
GoldAppearSpine,FromCubismBegin
CashAppearSpine,HurlCubismBegin
CheckBoardInfo,RouteNovelComa
TotalCheckBoard,EarlyRouteNovel
Prompt,Sweaty
PromptCheckBoard,SweatyRouteNovel
Distance,Blackout
ChangeDistance,FactorBlackout
ChangeBaseBlock,FactorAlgaHardy
NeedClearObj,DeftVirgoPut
PromptObj,SweatyPut
CashShowPos,HurlFordBur
SourceShowPos,BackupFordBur
ClearBlockGroupCount,VirgoHardyGiantExtol
AniNeedClearBoard,SunDeftVirgoNovel
ScratchObjs,CompanyClue
check,Camel
checkBoardInfo,CamelNovelComa
visited,Failure
ClearInfo,VirgoComa
NewTotal,RayEarly
ChangeTotal,FactorEarly
BlockInfoTwo,HardyComaHue
BaseBlock,AlgaHardy
Filling,Vehicle
FillingBlockDic,VehicleHardySay
Fill,Heal
To,Up
TotalFillFourToFour,EarlyFillSlitUpSlit
isHaveBlock,SoCareHardy
FillBlockGroup,HealHardyGiant
NewTotalTwo,RayEarlyHue
ChangeTotalTwo,FactorEarlyHue
FlyTarget,ElkCobalt
strength,Hermetic
vibrato,Besides
randomness,Acceptance
FailedBlock,LethalHardy
Fix,Bog
FixObj,BogPut
levelInfoData,WriteComaGaze
totalBlockToCheckBoard,ApplyHardyUpRouteNovel
totalBlockThree,ApplyHardyDutch
CurLevelInfo,PryCrudeComa
totalTargetList,ApplyCobaltName
targetCount,SeldomExtol
_target,_Seldom
_target_count,_Seldom_Greet
Showlist,Riverbed
Ints,Host
CheckBoardInfoInts,RouteNovelComaHost
size,Stay
input,Virus
Numbers,Jewelry
inputNumbers,VirusNumbers
converted,Avoidable
convertedNumbers,AvoidableJewelry
Sum,Ant
SumTargetCount,AntCobaltExtol
random,Cement
randomTarget,CementCobalt
Draw,Cart
isStartDraw,SoSewerCart
Drag,Text
isEndDrag,SoRyeText
SelectPoint,ChorusSpend
SelectObj,ChorusPut
Eraser,Rarity
isStartEraser,SoSewerRarity
isEndEraser,SoRyeRarity
eraser,France
Event,Layer
eraserStartEvent,FranceSewerLayer
eraserEndEvent,FranceRyeLayer
Tex,Saw
uiTex,NoSaw
tex,Web
My,If
MyTex,IfSaw
mWidth,mGesso
Height,Cooper
mHeight,mCooper
brush,Unite
Size,Flat
brushSize,UniteFlat
rate,Love
max,Gin
maxColorA,GinThingA
colorA,UpsetA
start,Grade
startDraw,GradeCart
two,Eye
Points,Potash
twoPoints,EyePotash
last,Iron
lastPos,IronBur
penult,Devise
penultPos,DeviseBur
distance,Nestling
fate,Life
Lists,Speak
isStartEraserLists,SoSewerRaritySpeak
isEndEraserLists,SoRyeRaritySpeak
uiTextList,NoTearName
texLists,WebSpeak
MyTexLists,IfSawSpeak
mWidthLists,mGessoSpeak
mHeightLists,mCooperSpeak
brushSizeLists,UniteFlatSpeak
rateLists,LoveSpeak
maxColorALists,GinThingASpeak
colorALists,UpsetASpeak
isStartEraserTwo,SoSewerRarityHue
isEndEraserTwo,SoRyeRarityHue
uiTexTwo,NoSawHue
texTwo,WebHue
MyTexTwo,IfSawHue
mWidthTwo,mGessoHue
mHeightTwo,mCooperHue
brushSizeTwo,UniteFlatHue
rateTwo,LoveHue
maxColorATwo,GinThingAHue
colorATwo,UpsetAHue
startDrawTwo,GradeCartHue
twoPointsTwo,EyePotashHue
lastPosTwo,IronBurHue
penultPosTwo,DeviseBurHue
radiusTwo,HollowHue
distanceTwo,NestlingHue
fateTwo,LifeHue
index,Syrup
Pinball,Tourist
PinballBottom,TouristDomain
column,Meteor
columnGroup,MeteorGiant
CashObj,HurlPut
ComPleteObj,BowUnityPut
Un,He
UnCompleteObj,HeHomelessPut
Ok,It
OkObj,ItPut
CoinObj,LucePut
Iamge,Bowel
SchIamge,LopIamge
Dis,Fen
DisText,DisTear
TodayObj,BelowPut
Before,Ornate
BeforeObj,OrnatePut
BeforeDataText,OrnateGazeTear
TodayDataText,BelowGazeTear
Down,Leaf
CountDownText,ExtolLeafTear
SelectBtn,ChorusVia
ID,ID
Service,Bifocal
adService,OxBifocal
Load,Pulp
Status,Action
adLoadStatus,OxPulpAction
Times,China
adLoadFailTimes,OxPulpTileChina
adLoadSuccessTimes,OxPulpIcebergChina
lastAdShowTime,IronByFordPort
lastRewardShowTime,IronMortalFordPort
trigger,Elevate
triggerTimes,ElevateChina
utc,Owe
adShowTimes,OxFordChina
_adShowTimes,_OxFordChina
on,So
onSuccessEvent,onIcebergLayer
_onSuccessEvent,_onIcebergLayer
auto,Disc
autoPlayStatus,DiscItemAction
can,Zoo
canShow,ZooFord
reason,Action
Tracker,Cherish
TrackerName,CherishKnot
init,Folk
Retry,Sheep
initRetryCount,FolkSheepExtol
maxRetryCount,GinSheepExtol
Log,Fat
adEventLogService,OxLayerFatBifocal
dau,Mud
dauEventLogService,dauLayerFatBifocal
rewardEventLogService,GirderLayerFatBifocal
user,Puff
userEventLogService,PuffLayerFatBifocal
http,Door
Request,Isotope
httpRequestService,DoorIsotopeBifocal
unity,Ruler
Web,How
unityWebRequestService,RulerHowIsotopeBifocal
request,Despite
requestList,DespiteName
Resending,Ancestral
isResending,SoAncestral
method,Schist
url,Fox
body,Pale
retry,Gesso
save,Gate
resend,Strand
resendTimes,StrandChina
native,Ignore
nativeService,IgnoreBifocal
userInfo,PuffComa
box,Beg
Model,Storm
boxModel,BegStorm
login,Above
State,Spell
loginState,AboveSpell
app,Ute
Build,Blade
Ver,Beg
appBuildVer,appBladeVer
rewardCoinList,GirderLuceName
Old,Cop
rewardCoinOldList,GirderLuceCopName
rewardTimeList,GirderPortName
wstate,Thrift
Inited,Plague
adHasInited,OxDayPlague
Foreground,Atmosphere
isForeground,SoAtmosphere
currentDate,LoyallyPoll
foreground,Helicopter
foregroundTime,HelicopterPort
_foregroundTime,_HelicopterPort
background,Collarless
backgroundTime,CollarlessPort
_backgroundTime,_CollarlessPort
lastSwitchTime,IronClimaxPort
_lastSwitchTime,_IronClimaxPort
AdjustToken,PlentyMeter
Environment,Conurbation
AdjustEnvironment,PlentyConurbation
inactivity,Exhilarate
Threshold,Extension
inactivityThreshold,ExhilarateExtension
Activity,Scraggly
lastActivityTime,IronScragglyPort
active,Biotic
activeStatus,BioticAction
deep,Loan
Link,Cate
deepLinkData,LoanCateGaze
default,Curtain
Timeout,Unaided
defaultTimeout,CurtainUnaided
CloseBtn,SpoonVia
DebugText,ThumbTear
Update,Rejoin
UpdateBtn,RejoinVia
Input,Jules
ConfigIdInput,ChoppyAxJules
UpdateConfigIdBtn,RejoinChoppyAxVia
Location,Timidity
AdLocationId,ByTimidityAx
RewardBtn,MortalVia
IntBtn,WinVia
Stars,Quilt
star,Berg
star1Sprite,Berg1Silent
star2Sprite,Berg2Silent
ContentText,RawhideTear
download,Dialogue
downloadUrl,DialogueRye
CloseButton,SpoonProton
AdjustAdidText,PlentyRareTear
ServerIdText,RunoffAxTear
Act,Fee
Counter,October
ActCounterText,FeeOctoberTear
AdjustTypeText,PlentyWellTear
Reset,River
ResetActCountButton,RiverFeeExtolProton
Add,Mob
AddActCountButton,MobFeeExtolProton
Last,Loop
LastPlayTimeCounterText,LoopItemPortOctoberTear
Counter101Text,October101Tear
Counter102Text,October102Tear
Counter103Text,October103Tear
Trial,Track
Num,Bag
TrialNumText,TrackBagTear
Rewarded,Datebase
PlayRewardedAdButton,ItemDatebaseByProton
Interstitial,Musicologist
PlayInterstitialAdButton,ItemInterstitialByProton
Thanks,Cougar
NoThanksButton,ByCougarProton
TrialNumButton,TrackBagProton
TimeInterstitialText,PortMusicologistTear
Pause,Needy
PauseTimeInterstitialButton,NeedyPortMusicologistProton
Resume,Reason
ResumeTimeInterstitialButton,ReasonPortMusicologistProton
amount,Middle
_amount,_Middle
_color,_Upset
offset,Magnet
_offset,_Magnet
gradient,Shortcut
outline,Dolphin
Vertex,Russia
outlineVertexList,outlineRussiaName
_outlineVertexList,_outlineRussiaName
vertex,Circle
vertexList,CircleName
_vertexList,_CircleName
onClick,SoFlute
onDown,SoLeaf
Enter,Pluto
onEnter,SoPluto
Exit,Jump
onExit,SoJump
Up,If
onUp,SoUp
onSelect,SoChorus
onUpdateSelect,SoRejoinChorus
dic,DNA
Messages,Somewhat
dicMessages,DNASomewhat
_dicMessages,_DNASomewhat
Key,Wan
_Key,_Wan
Values,Square
_Values,_Square
Instance,Equality
_Instance,_Equality
ht,We
Go,Ax
Canvas,Obtain
GoCanvasRoot,GoObtainKiwi
_GoCanvasRoot,_GoObtainKiwi
Tra,Flu
Scripts,Cuticle
Node,Salt
TraUIScriptsNode,FluUICuticleSalt
_TraUIScriptsNode,_FluUICuticleSalt
GoToPanel,AxUpSpear
_GoToPanel,_AxUpSpear
GoMaskPanel,AxFiveSpear
_GoMaskPanel,_AxFiveSpear
Camera,Confer
UICamera,UIConfer
_UICamera,_UIConfer
Original,Mudflats
Depth,Watch
OriginalUICameraDepth,MudflatsUIConferDepth
_OriginalUICameraDepth,_MudflatsUIConferDepth
Instatnce,Cooperate
_Instatnce,_Cooperate
Lauguage,Treeless
Cache,Coach
DicLauguageCache,SayTreelessCoach
_DicLauguageCache,_SayTreelessCoach
Current,Network
CurrentUIType,NetworkUIWell
_CurrentUIType,_NetworkUIWell
close,Unify
button,Tunnel
close_button,Unify_button
Main,Deft
MainCanvas,MainObtain
Forms,Sleek
Paths,Party
DicFormsPaths,SaySleekParty
_DicFormsPaths,_SaySleekParty
DicALLUIForms,SayALLUISleek
_DicALLUIForms,_SayALLUISleek
Sta,Pul
StaCurrentUIForms,StaNetworkUISleek
_StaCurrentUIForms,_StaNetworkUISleek
DicCurrentShowUIForms,SayNetworkFordUISleek
_DicCurrentShowUIForms,_SayNetworkFordUISleek
Wait,Icon
WaitUIForms,IconUISleek
_WaitUIForms,_IconUISleek
Transfrom,Threshold
TraCanvasTransfrom,FluObtainThreshold
_TraCanvasTransfrom,_FluObtainThreshold
TraNormal,FluExpert
_TraNormal,_FluExpert
Fixed,Hardy
TraFixed,FluFixed
_TraFixed,_FluFixed
Pop,Beg
TraPopUp,FluPopIf
_TraPopUp,_FluPopIf
_Top,_Wax
TraUIScripts,FluUICuticle
_TraUIScripts,_FluUICuticle
TraUICamera,FluUIConfer
_TraUICamera,_FluUIConfer
PanelName,SpearKnot
PanelNameList,SpearKnotName
Reverse,Illness
IsClearReverseChange,MyVirgoIllnessFactor
UIForms,UISleek
UIForms_Type,UISleek_Well
UIForm,UITrap
ShowMode,FordBoat
UIForm_ShowMode,UITrap_FordBoat
Lucency,Pollute
LucencyType,PolluteWell
UIForm_LucencyType,UITrap_PolluteWell
animation,Stimulate
animationType,StimulateWell
UIForm_animationType,UITrap_StimulateWell
Firing,Induct
Order,Mayor
eventFiringOrder,ChunkInductMayor
waiting,Tractor
Events,Phylum
waitingEvents,TractorPhylum
Sending,Counsel
isSending,SoCounsel
mask,Club
mypageview,Conversion
rect,Jibe
pos,Fin
posList,FinName
isDrag,SoText
stop,Crow
Move,Avid
stopMove,CrowAvid
Horizontal,Persuasive
targetHorizontal,SeldomPersuasive
startDragHorizontal,GradeTextPersuasive
startTime,GradePort
smooting,Novelist
sensitivity,Degradation
On,It
Page,Tale
OnPageChange,OnTaleFactor
currentPageIndex,LoyallyTaleFrown
Cell,Cell
itemCell,UtahCell
content,Redwood
spacing,Overrun
totalWidth,ApplyGesso
totalHeight,ApplyCooper
visible,Cheapen
visibleCount,CheapenExtol
Clac,Icon
isClac,SoClac
startIndex,GradeFrown
lastIndex,IronFrown
itemHeight,UtahCooper
itemList,UtahName
visibleList,CheapenName
all,Jay
allList,JayName
tcs,Axe
_tcs,_Axe
referrer,Narcosis
Client,Though
referrerClient,NarcosisThough
Volmue,Regard
EffectVolmue,PuffinRegard
Frames,Borrow
Ignore,Afloat
IgnoreTimeScale,AfloatPortHabit
Loop,Inca
Package,Grocery
PackageName,GroceryKnot
GetNetWorkGetListCount,HisWitArabHisNameExtol
GetNetWorkPostListCount,HisWitArabHarmNameExtol
Prefab,Cyclic
small,Guest
Array,Smite
smallArray,GuestSmite
LevelData,CrudeGaze
layout,Cannon
target_count,Seldom_Greet
difficulty,Adrenaline
AdLoadStatus,ByPulpAction
open,Coin
Batch,Erect
openBatchId,CoinErectAx
UserInfo,DeftComa
loginAdjustAdid,AbovePlentyRare
Apple,Raise
loginAppleTracker,AboveAppleCherish
loginTrackerName,AboveCherishKnot
IsLogin,MyDusty
App,Oil
AppBuildVer,OilBladeBeg
Wstate,Outwit
RewardCoinList,MortalLuceName
RewardCoinOldList,MortalLuceCopName
ServerConfig,RunoffChoppy
loginSuccess,AboveIceberg
fetch,Meaty
fetchConfigSuccess,MeatyChoppyIceberg
initSuccess,FolkIceberg
Active,Dilute
ActiveStatus,DiluteAction
deepLinkUrl,LoanCateRye
Showing,Nomadic
isShowing,SoNomadic
DataCount,GazeExtol
Line,Size
LineHeight,SizeCooper
PopShow,BegFord
PopHide,BegIbex
ChangeNumber,FactorSadden
GoldMoveBest,FromAvidLime
BlockNewGoldMove,HardyRayFromAvid
Jump,Scan
BlockNewGoldJump,HardyRayFromScan
Scroll,Maiden
HorizontalScroll,PersuasiveMaiden
ClearAni,VirgoSun
Faild,Sedge
GameFaildAni,WhenFaildSun
LevelOver,CrudeRote
push,Safe
Bubble,Unfold
pushBubble,SafeUnfold
Rotate,Enigma
Vector,Reform
RotateVector,EnigmaReform
OverClearAni,RoteVirgoSun
Bezier,Pretty
GetBezierPoint,HisPrettySpend
Third,Swarm
GetThird,HisSwarm
BezierPoint,PrettySpend
GetThird_Order_BezierPoint,HisSwarm_Mayor_PrettySpend
Beizer,Puffin
GetBeizerList,HisBeizerName
BeizerList,PuffinName
GetThird_Order_BeizerList,HisSwarm_Mayor_PuffinName
Print,Erupt
Merge,Proud
get,Dig
getCameraWidth,DigConferGesso
getCameraHeight,DigConferCooper
World,Guide
getWorldPoint,DigGuideSpend
Nearest,Drapery
GetNearestGameObject,HisDraperyWhenScript
Angle,Stock
PointToAngle,SpendUpStock
Angle180To360,Stock180Up360
Unity,Horse
Direction,Ourselves
GetUnityDirection,HisHorseOurselves
Texture,Worship
True,User
getTextureTrueSize,DigWorshipUserFlat
getSpriteSize,DigSilentFlat
Touch,Learn
Position,Minstrel
getTouchPosition,DigLearnMinstrel
Weight,Comply
getWeightIndex,DigComplyFrown
Random,Luxury
Sequence,Liberate
GetRandomSequence,HisLuxuryLiberate
Dictionary,Mechanical
StringToDictionary,HuddleUpMechanical
DictionaryToString,MechanicalUpHuddle
Diff,City
DayDateDiff,YamPollCity
Sec,Tug
SecDateDiff,TugPollCity
DateDiff,PollCity
At,Or
GetPosAtText,HisBurOrTear
By,He
Area,Dose
DistanceByArea,BlackoutByDose
Encrypt,Boulder
EncryptDES,BoulderDES
Decrypt,Kinsman
DecryptDES,KinsmanDES
WorldToCanvasPos,GuideUpObtainBur
Set,Tug
SetTargetImage,SetCobaltKnife
ChangeCompleteChapterStage,FactorHomelessTrafficShare
GetCompleteChapterStage,HisHomelessTrafficShare
GetIsComplete,HisMyHomeless
Belong,Source
GetBelongToChapter,HisSourceUpTraffic
GetChapterInfo,HisTrafficComa
InitGameData,BankWhenGaze
getGold,DigFrom
add,Eon
addGold,EonFrom
getToken,DigMeter
addToken,EonMeter
addTokenTwo,EonMeterHue
getAmazon,DigCorset
addAmazon,EonCorset
ItemStart,BathSewer
Settings,Stamford
SetGameSettings,TugWhenStamford
Late,Crop
TimeLate,PortCrop
TimeLateIE,PortCropIE
Execute,Concept
ExecuteFinish,ConceptMarket
Do,At
DoNextStep,AtDirtSave
game,Gobi
gameInit,GobiBank
AddWheelSch,MobBowelLop
ClearWheelSch,VirgoBowelLop
ChangeWheelReward,FactorBowelMortal
ShowWheelPanel,FordBowelSpear
Timalate,Champion
GetWheelSch,HisBowelLop
ShowScratchCardPanel,FordCompanyScatSpear
GetMultiplier,HisMilitarily
GetAddCount,HisMobExtol
Scr,Old
GetScrValue,HisOldSeedy
FinishGame,MarketWhen
RandomInt,LuxuryWin
RandomList,LuxuryName
RandomValue,LuxurySeedy
IsAddValue,MyMobSeedy
Tap,Tie
TapPopVibrate,TieBegCabbage
AddSource,MobBackup
AddGuideSource,MobQuiltBackup
ClearOnceSource,VirgoMereBackup
GetAddOnceSource,HisMobMereBackup
ChangeSourceReward,FactorBackupMortal
RefreshSourceReward,IcelandBackupMortal
Month,Bulge
GetDataToMonth,HisGazeUpBulge
GetOnceMentalInfo,HisMereAttachComa
SourceSch,BackupLop
ShowSourcePanel,FordBackupSpear
NewLevel,RayCrude
PlaceBlock,QueryHardy
ChangeCombo,FactorBlock
AddCombo,MobBlock
ClearCombo,VirgoBlock
GetCombo,HisBlock
BlockBtnClick,HardyViaFlute
ScrollToBottom,MaidenUpDomain
RefreshUI,IcelandUI
MentalClick,AttachFlute
RefreshRewardInfo,IcelandMortalComa
AdBtnClick,ByViaFlute
NormalBtnClick,ExpertViaFlute
Doudle,Marshy
Animation,Flowerbed
DoudleAnimation,MarshyFlowerbed
ChangeSceneAni,FactorPupilSun
Invoke,Impact
InvokeFinish,ImpactMarket
AddReward,MobMortal
After,Lathe
AfterDoubleReward,LatheEthnicMortal
SlotAni,BlipSun
SlotAni_1,BlipSun_1
ADSlot,ADBlip
Action,Escape
SlotAction,BlipEscape
ShowAni,FordSun
OpenBox,KilnFen
RefreshSlotUI,IcelandBlipUI
Star,Gear
FlyStar,ElkGear
Calculate,Dramatize
CalculateBezierPoint,DramatizePrettySpend
gold,Mite
goldAddAnimation,MiteMobFlowerbed
token,Patty
tokenAddAnimation,PattyMobFlowerbed
addAnimation,EonFlowerbed
FreeSpinBtnClick,WarmMossViaFlute
CloseBtnClick,SpoonViaFlute
SpinAni,MossSun
RefreshReward,IcelandMortal
RefreshRewardUI,IcelandMortalUI
Roulette,Rootless
SetRouletteItems,TugRootlessVogue
ShowChange,FordFactor
Reflash,Hostile
ReflashRewardBox,HostileMortalFen
Chest,Harem
ShowChestPanel,FordHaremSpear
ChallengeAni,SwordfishSun
RefreshTargetUI,IcelandCobaltUI
LevelFinishAnimation,CrudeMarketFlowerbed
RefreshSourceUI,IcelandBackupUI
ComboShowAni,BlockFordSun
ShowSourceItem,FordBackupBath
ChangeIsCompleteGuide,FactorMyHomelessQuilt
Hand,Hawk
isShowHand,SoFordHawk
ShowClearSpine,FordVirgoBegin
Speical,Impinge
tokenAddAnimationSpeical,PattyMobFlowerbedImpinge
addAnimationSpeical,EonFlowerbedImpinge
RefreshWheelUI,IcelandBowelUI
RefreshBrainUI,IcelandFattyUI
Animate,Fallacy
AnimateProgressBar,FallacyRegionalMud
LevelSuccess,CrudeIceberg
GuideTimeLate,QuiltPortCrop
ClosePanel,SpoonSpear
ChallengeBtnClick,SwordfishViaFlute
isNewUser,SoRayDeft
getSlotMultiIndex,DigBlipExaltFrown
play,Gist
playSlot,GistBlip
ShowAnimation,FordFlowerbed
IsToDayFirst,MyUpYamNight
ShowTrophy,FordRocket
CountDown,ExtolLeaf
ShowImage,FordKnife
RefreshRubImage,IcelandWinKnife
ShowPanel,FordSpear
GetScrRandomInts,HisOldLuxuryHost
SetRewardValue,TugMortalSeedy
Paint,Cover
HidePaint,IbexCover
initMulti,FolkExalt
slot,Snap
SetState,TugSpell
GetMulti,HisExalt
GetGoldMulti,HisFromExalt
GetCashMulti,HisHurlExalt
GetAmazonMulti,HisCorsetExalt
InitAudioSourceQueue,BankCanalBackupPurge
For,Sew
Audo,Read
AddAudioSourceForAudoMgr,MobCanalBackupSewReadEka
GetAudioComponent,HisCanalKilometer
Use,Maw
UnUseAudioComponent,HeMawCanalKilometer
set,Tap
Bgm,Buy
setBgmCloseOneTime,TapBuySpoonDamPort
Replace,Stewpot
setBgmReplaceOneTime,TapBuyStewpotDamPort
CheckUnUseAudioComponent,RouteHeMawCanalKilometer
All,Hit
SetAllEffectVolume,TugHitPuffinStarch
PlayBgBase,ItemOfAlga
PlayEffectBase,ItemPuffinAlga
PlayBg,ItemOf
PlayEffect,ItemPuffin
getVolume,DigStarch
Stop,Icon
DoUpdate,AtRejoin
Anchor,Length
SetAnchor,TugLength
Pivot,Aware
SetPivot,TugAware
layoutAction,CannonEscape
Pin,Ted
Market,Tethys
OpenAPPinMarket,KilnAPTedTethys
Register,Elongate
Remove,Saddle
gaidAction,YelpEscape
aidAction,AskEscape
idfaSuccess,ClanIceberg
idfaFail,ClanTile
Country,Dictate
getCountry,DigDictate
GetConfigData,HisChoppyGaze
Loaction,Decorate
GetLoactionData,HisDecorateGaze
SetConfigData,TugChoppyGaze
Ready,Voter
GameReady,WhenVoter
Out,Ant
NetWorkTimeOut,WitArabPortOut
SendAdjustAdid,DramPlentyRare
autoMessage,DiscPrecise
Para,Bath
SendNoParaEvent,DramByParaLayer
send,Tent
sendGameProgress,TentWhenRegional
SendEvent,DramLayer
SendPost,DramHarm
end,Ape
endRequest,ApeIsotope
Http,Root
HttpGet,RootHis
HttpPost,RootHarm
Recycle,Clarity
RecycleAll,ClarityHit
Destroy,Bergere
Create,Record
CreateObjectPool,RecordScriptPony
GetGameObject,HisWhenScript
RecycleGameObject,ClarityWhenScript
Query,Brush
QueryPool,BrushPony
GetInstance,HisEquality
autoCloseToast,DiscSpoonWeave
ShowToast,FordWeave
setContentLayout,TapRawhideClimax
IsApple,MyRaise
Plan,Body
IsPlanAB,MyBodyAB
GameName,WhenKnot
Editor,Famine
IsEditor,MyFamine
Portrait,Laurasia
IsPortrait,MyLaurasia
Timestamp,Machinery
GetTimestamp,HisMachinery
Format,Source
DateTimeFormat,PollPortFormat
Seconds,Extinct
SecondsToDateTime,ExtinctUpPollPort
SecondsFormat,ExtinctSource
Str,Wit
DoubleToStr,EthnicUpStr
GetWeightRandom,HisComplyLuxury
GetWeightRandomIndex,HisComplyLuxuryFrown
In,At
Chance,Credit
InChance,InCredit
GetRandomValues,HisLuxurySquare
Enum,Bare
ToEnum,UpBare
SelectPos,ChorusBur
MovePos,AvidBur
StartMovePosTime,SewerAvidBurPort
PointUp,SpendIf
Recover,Density
RecoverPos,DensityBur
ShowBlockPos,FordHardyBur
Piece,Wispy
ChangePiece,FactorWispy
ChangePos,FactorBur
ChangeClickStage,FactorFluteShare
RefreshBlockDate,IcelandHardyPoll
Creat,Cruel
CreatBlock,CruelHardy
RecycleBlock,ClarityHardy
AddNewBlockGroup,MobRayHardyGiant
CompleteOnceBlockGroup,HomelessMereHardyGiant
FailedRevive,LethalPhrase
ClearAllBlock,VirgoHitHardy
GetBlockType,HisHardyWell
GetGuideBlockType,HisQuiltHardyWell
RefreshTargetBlock,IcelandCobaltHardy
Convert,Arsenic
ConvertOneToTwo,ArsenicDamUpHue
GetOneBlock,HisDamHardy
ChangeCanPlace,FactorFoeQuery
ChangeCreatBlockFailedTwo,FactorCruelHardyLethalHue
ChangeCreatBlockFailed,FactorCruelHardyLethal
ChangeFailed,FactorLethal
FailedLogic,LethalBliss
GameOver,WhenRote
IsShowRevive,MyFordPhrase
GameFailBlockAni,WhenTileHardySun
RefreshScratchCard,IcelandCompanyScat
LogicCorrectionBlockTwo,BlissAbsolutelyHardyHue
IsCanLogicCorrectionBlock,MyFoeBlissAbsolutelyHardy
SetRewardTypeRandom,TugMortalWellLuxury
ShowRewardImage,FordMortalKnife
ShowRewardImageAfterSpine,FordMortalKnifeLatheBegin
ShowSelect,FordChorus
ShowCanComPleteImage,FordFoeBowUnityKnife
ShowBlockImage,FordHardyKnife
GetSpriteByType,HisSilentHeWell
ClearAnimation,VirgoFlowerbed
RefreshCheckBoard,IcelandRouteNovel
GetRandomColor,HisLuxuryThing
Control,Nebular
Slelect,Enforce
ControlSlelectBlock,NebularEnforceHardy
ControlPleteBlock,NebularUnityHardy
ChangePlaceBlock,FactorQueryHardy
isCompleteBlockGroup,SoHomelessHardyGiant
CanPlaceBlock,FoeQueryHardy
ChangeTotalPlaceBlock,FactorEarlyQueryHardy
ChangeCanClearBlock,FactorFoeVirgoHardy
ClearBlockAni,VirgoHardySun
Vertical,Mackerel
ChangeVertical,FactorMackerel
ChangeHorizontal,FactorPersuasive
ChangeBlockGroup,FactorHardyGiant
GetBlockColor,HisHardyThing
ChangeFillCheckBoard,FactorHealRouteNovel
isCanFill,SoFoeHeal
isCanFillBlockVertical,SoFoeHealHardyMackerel
Ic,At
ChangeLineDIc,FactorSizeDIc
isCanFillBlockHorizontal,SoFoeHealHardyPersuasive
ChangeThreeToThree,FactorDutchUpDutch
IsAddTwoClear,MyMobHueVirgo
Connected,Prejudice
Ones,Vast
MaxConnectedOnes,UtePrejudiceVast
DFS,DFS
Zeros,Crack
CheckForThreeZerosInLine,RouteSewDutchCrackAtSize
Slant,Biome
CheckSlantLine,RouteSlantSize
Find,Toll
Consecutive,Portraitist
FindMaxConsecutiveOnes,TollUtePortraitistVast
FindTwoOnes,TollHueVast
Be,No
Separated,Overwhelm
CanZerosBeSeparated,FoeCrackBeOverwhelm
GetFillBlockGroup,HisHealHardyGiant
ChangeIsCompleteTarget,FactorMyHomelessCobalt
GetBlockGroup,HisHardyGiant
GetBlockGroupTwo,HisHardyGiantHue
CanPlaceChangeBlock,FoeQueryFactorHardy
Optimal,Pretend
LogicGetOptimalBlock,BlissHisPretendHardy
Empty,Alien
ChangeEmptyBlock,FactorAlienHardy
IsCanOneBlockPlace,MyFoeDamHardyQuery
IsCanTwoBlockPlace,MyFoeHueHardyQuery
GetFillBlockGroupTwo,HisHealHardyGiantHue
CanPlaceChangeBlockTwo,FoeQueryFactorHardyHue
GetFillTwoBlockGroup,HisHealHueHardyGiant
CanPlaceChangeOneBlock,FoeQueryFactorDamHardy
Results,Bedroom
GetRewardResults,HisMortalBedroom
FlyTargetBlock,ElkCobaltHardy
Multiple,Tricycle
ComboAndMultipleChange,BlockDayTricycleFactor
Shake,Cliff
ShakeAnchorPos,ShakeLengthBur
ShowComboSpine,FordBlockBegin
ShowMoreClear,FordToadVirgo
GetCashPos,HisHurlBur
RefreshFailedBoard,IcelandLethalNovel
Win,Owe
ShowWinAni,FordWinSun
Demo,Arab
ShowWinAniDemo,FordOweSunDemo
InitLevelInfo,BankCrudeComa
GetCurLevel,HisPryCrude
AddLevel,MobCrude
GetCurLevelInfo,HisPryCrudeComa
RefreshNewTarget,IcelandRayCobalt
GetRandomList,HisLuxuryName
GetThree,HisDutch
ListIntToListString,NameWinUpNameHuddle
ListStringToListInt,NameHuddleUpNameWin
Roll,Plus
Grid,Flue
RollGridToRight,PlusFlueUpCliff
Left,Beat
RollGridToLeft,PlusFlueUpLeft
Divide,Pearly
Into,Dust
Strings,Visible
DivideListIntoStrings,PearlyNameDustVisible
ConvertStringToList,ArsenicHuddleUpName
Space,Rocky
ConvertStringToListNoSpace,ArsenicHuddleUpNameByRocky
InitTarget,BankCobalt
RefreshBlockPreset,IcelandHardyBeauty
GetNextBlockGroup,HisDirtHardyGiant
GetRandomTarget,HisLuxuryCobalt
ConvertNumbers,ArsenicJewelry
Unique,Bovine
GetRandomUniqueNumber,HisLuxuryUniqueSadden
Reduce,Grainy
ReduceTarget,GrainyCobalt
ChangeSuccess,FactorIceberg
InitCover,BankSeedy
Beizier,Chinese
CheckPoint,RouteSpend
Transparent,Variability
GetTransparentPercent,HisVariabilitySeepage
ShowScratchBonus,FordCompanyTempt
If,Up
CheckIfStart,RouteIfSewer
FinishCover,MarketSeedy
CheckPointTwo,RouteSpendHue
GetTransparentPercentTwo,HisVariabilitySeepageHue
Cricle,Broker
PinballShow,TouristFord
RefreshText,IcelandTear
InitAd,BankBy
LoadSuccess,PulpIceberg
LoadFail,PulpTile
Save,Mind
SaveAdStatus,MindByAction
GetEventCode,HisLayerRosy
WaitLogin,IconDusty
PlayInterstitialAd,ItemMusicologistBy
PlayRewardAd,ItemMortalBy
CheckAdCanShow,RouteByFoeFord
Auto,Clay
PauseAutoPlayTime,NeedyClayItemPort
ResumeAutoPlayTime,ReasonClayItemPort
Online,Supply
AddOnlineSeconds,MobSupplyExtinct
AddPauseTimes,MobNeedyChina
AddPassLevel,MobBlurCrude
AddNewUserRuleValue,MobRayDeftStaySeedy
IsAdShowing,MyByNomadic
InitAdjustSDK,BankPlentySDK
StartAdjust,SewerPlenty
GetAdid,HisRare
Device,Saturn
GetAdjustDeviceInfo,HisPlentySaturnComa
Cross,Whale
Account,Crowbar
IsCrossAccount,MyWhaleCrowbar
SendAdEvent,DramByLayer
Dau,Urn
SendDauEvent,DramUrnLayer
SendRewardEvent,DramMortalLayer
SendUserEvent,DramDeftLayer
BatchSendUserEvent,ErectDramDeftLayer
CheckEventSendStatus,RouteLayerDramAction
Saved,Cargo
GetSavedRequest,HisCargoIsotope
SaveRequest,MindIsotope
Resend,Inject
ResendRequest,InjectIsotope
Put,Roe
SendRequest,DramIsotope
Handle,Sierra
LoginHandle,DustySierra
SendLoginLog,DramDustyFat
GetBoxInfo,HisFenComa
SetBoxInfo,TugFenComa
GetCountryCode,HisDictateRosy
Install,Useable
GetInstallTime,HisUseablePort
Agent,Setup
GetUserAgent,HisDeftSetup
Os,He
GetOs,HisOs
GetNetType,HisWitWell
Language,Efficacy
GetLanguage,HisEfficacy
Us,ID
OpenRateUsPanel,KilnBuzzUsSpear
SetWstate,TugOutwit
AddRewardCoin,MobMortalLuce
StopWstate,IconOutwit
ResumeWstate,ReasonOutwit
CheckRewardStatus,RouteMortalAction
Risk,Stay
CheckRisk,RouteRisk
Divice,Europe
Callback,Michigan
DiviceTokenCallback,EuropeMeterMichigan
Fetch,Aside
FetchServerConfig,AsideRunoffChoppy
StartAd,SewerBy
Timer,Hilly
StartEventLogTimer,SewerLayerFatHilly
SendAppActiveEventLog,DramOilDiluteLayerFat
ResetData,RiverGaze
StartGame,SewerWhen
LoginGame,DustyWhen
RegisterUserActivity,ElongateDeftScraggly
Inactivity,Divergence
CheckInactivity,RouteDivergence
Rcs,Gar
Report,Namely
CheckRcsReport,RouteGarNamely
ShowUIForms,FordUISleek
CloseUIForm,SpoonUITrap
Any,Gar
IsAnyUIShow,MyAnyUIFord
IsUIExist,MyUIFleet
Initialize,Coincident
InitializeSDK,CoincidentSDK
ShowRewardedAd,FordDatebaseBy
ShowInterstitialAd,FordMusicologistBy
Banner,Abound
ShowBanner,FordAbound
HideBanner,IbexAbound
DestroyBanner,BergereAbound
NeedRetry,DeftSheep
SetRequestSetting,TugIsotopeForever
BatchSendEvent,ErectDramLayer
PostAndPut,HarmDayRoe
ShowInfo,FordComa
Pv,Me
GetLocalIPv,HisSedgeIMe
GetLocalIPv6,HisSedgeIMe6
OpenAppInMarket,KilnOilAtTethys
Light,Shore
LightStart,ShoreSewer
ToUpdate,UpRejoin
Referrer,Heritage
CheckReferrer,RouteHeritage
Valid,Mural
Json,Roam
IsValidJson,MyMuralRoam
Long,Solo
CurrentLong,NetworkSolo
GetUTCDateTimestamp,HisUTCPollMachinery
GetUUID,HisUUID
CalculateMD,DramatizeMD
CalculateMD5,DramatizeMD5
From,Deep
RandomFromList,LuxuryDeepName
Revenue,Senator
RevenueFormat,SenatorSource
Parse,Scope
Params,Shovel
ParseUrlParams,ScopeRyeShovel
Try,Cud
Extract,Cyanide
TryExtractJson,CudCyanideRoam
Sorted,Outfit
ToSortedKeyValueString,UpOutfitWanSeedyHuddle
ShowCounterText,FordOctoberTear
ShowPauseTimeInterstitial,FordNeedyPortMusicologist
Modify,Plunge
Mesh,Wild
ModifyMesh,PlungeWild
Screen,Indian
ScreenSize,IndianFlat
Msg,Cup
Listener,Accurate
AddMsgListener,MobCupAccurate
RemoveMsgListener,SaddleCupAccurate
ClearAllMsgListener,VirgoHitCupAccurate
SendMessage,DramPrecise
Resource,Cohesive
LoadResource,PulpCohesive
Asset,Frown
LoadAsset,PulpAsset
SetMaskWindow,TugFiveSpiral
HideMaskWindow,IbexFiveSpiral
Cancel,Patron
CancelMaskWindow,PatronFiveSpiral
The,USA
Child,Varve
FindTheChildNode,TollUSAVarveSalt
GetTheChildNodeComponentScripts,HisUSAVarveSaltKilometerCuticle
AddChildNodeComponent,MobVarveSaltKilometer
AddChildNodeToParentNode,MobVarveSaltUpDeadlySalt
ShowText,FordTear
InitLauguageCache,BankTreelessCoach
FindChildAddComponent,TollVarveMobKilometer
Freeze,Lumber
Rigister,Skillful
RigisterButtonObjectEvent,SkillfulProtonScriptLayer
OpenUIForm,KilnUITrap
ReceiveMessage,ConquerPrecise
AddPanel,MobSpear
Sub,Cut
SubPanel,CutSpear
Loading,Trample
InitRootCanvasLoading,BankKiwiObtainTrample
Or,Dy
Return,Studio
CloseOrReturnUIForms,SpoonDyStudioUISleek
ShowNextPopUp,FordDirtBegIf
ClearWaitUIForms,VirgoIconUISleek
Catch,Naked
LoadFormsToALLUIFormsCatch,PulpSleekUpALLUISleekNaked
LoadUIForm,PulpUITrap
EnterUIFormsCache,PlutoUISleekCoach
ExitUIFormsCache,JumpUISleekCoach
Formst,Evolve
Other,Cigar
EnterUIFormstToCacheHideOther,PlutoUIEvolveUpCoachIbexCigar
EnterUIFormsCacheWaitClose,PlutoUISleekCoachIconSpoon
ExitUIFormsFromCacheAndShowOther,JumpUISleekDeepCoachDayFordCigar
Push,Peru
PushUIForms,PeruUISleek
PopUIForms,BegUISleek
InitUIFormsPathsData,BankUISleekPartyGaze
InitCamera,BankConfer
Stack,Boost
ClearStackArray,VirgoBoostSmite
GetCurrentFormStack,HisNetworkTrapBoost
GetPanelByName,HisSpearHeKnot
Opening,Romance
Panels,Toward
GetOpeningPanels,HisRomancePanels
PostEvent,HarmLayer
GetCoin,HisLuce
pagechange,Convention
SetPageIndex,TugTaleFrown
SetData,TugGaze
UpdateItem,RejoinBath
PopItem,BegBath
PushItem,PeruBath
AddItem,MobBath
GetGAID,HisGAID
FetchInstallReferrer,AsideUseableHeritage
Setup,Tenet
Finished,Faithful
onInstallReferrerSetupFinished,SoUseableHeritageTenetFaithful
Disconnected,Multifaceted
onInstallReferrerServiceDisconnected,SoUseableHeritageBifocalMultifaceted
Controller,Generalist
AnimationController,FlowerbedGeneralist
Utils,Agent
BezierUtils,PrettyAgent
Custom,Bridge
CustomPrint,BridgeErupt
Dictionaries,Adaptability
MergeDictionaries,ProudAdaptability
System,Detect
GetSystemData,HisDetectGaze
Puzzle,Design
BlockPuzzleCircleGuidance,HardyDesignTunnelSpoilage
BlockPuzzleGuidanceEventPenetrate,HardyDesignSpoilageLayerAesthetic
BlockPuzzleRectGuidance,HardyDesignMainSpoilage
BlockPuzzleChapterManager,HardyDesignTrafficFaculty
BlockPuzzleGameDataManager,HardyDesignWhenGazeFaculty
BlockPuzzleGameSchedule,HardyDesignWhenOvertime
GameStartStep,WhenSewerSave
Schedules,Circulate
GameSchedules,WhenCirculate
BlockPuzzleMainManager,HardyDesignDeftFaculty
BlockPuzzleSourceManager,HardyDesignBackupFaculty
OnceMentalSource,MereAttachBackup
BrainPanel,FattySpear
BrainRewardPanel,FattyMortalSpear
ChangeScene,FactorPupil
ChestPanel,HaremSpear
ChestScale,HaremHabit
DailyWheelPanel,RoostBowelSpear
FinishPanel,MarketSpear
GameGuidePanel,WhenQuiltSpear
GamePanel,WhenSpear
GuidePanel,QuiltSpear
HomePanel,FindSpear
LevelCompletePanel,CrudeHomelessSpear
LevelTarget,CrudeCobalt
LoadingPanel,TrampleSpear
PinballItem,TouristBath
Pixel,Daunt
PixelPanel,DauntSpear
RevivePanel,PhraseSpear
RewardPanel,MortalSpear
ScratchcardPanel,IncorrectlySpear
SettingPanel,ForeverSpear
SlotGroup,BlipGiant
WheelRewardItem,BowelMortalBath
Util,Volt
BlockPuzzleGameUtil,HardyDesignWhenVolt
AudioModel,CanalStorm
AudioSourceQueue,CanalBackupPurge
MusicMgr,RaiseEka
Resources,Criticism
MusicResourcesMgr,RaiseCriticismEka
MusicType,RaiseWell
Common,Bureau
CommonConfig,BureauChoppy
Animator,Irritate
FrameAnimator,DramaIrritate
Archor,Around
Tool,Late
ArchorTool,AroundLate
AutoLayout,ClayClimax
RateUsManager,BuzzIDFaculty
Center,Cinema
MessageCenterLogic,PreciseCinemaBliss
MessageData,PreciseGaze
CConfig,CChoppy
NetInfoMgr,WitComaEka
Script,Closet
PostEventScript,HarmLayerCloset
NetWorkGetObject,WitArabHisScript
NetWorkManager,WitArabFaculty
NetWorkPostObject,WitArabHarmScript
ObjectPool,ScriptPony
ObjectPoolManager,ScriptPonyFaculty
Mono,Rome
Singleton,Endocrine
MonoSingleton,RomeEndocrine
ToastManager,WeaveFaculty
View,Wale
ScrollViewContentLayout,MaidenWaleRawhideClimax
CommonUtil,BureauVolt
DateUtil,PollVolt
NumberUtil,SaddenVolt
RandomUtil,LuxuryVolt
StringUtil,HuddleVolt
BlockPuzzleBlockGroup,HardyDesignHardyGiant
BlockPuzzleBlockManager,HardyDesignHardyFaculty
BlockPuzzleBlockWidget,HardyDesignHardyLizard
BlockPuzzleCheckBoardManager,HardyDesignRouteNovelFaculty
EmptyBlockPos,AlienHardyBur
FillFourToFour,HealSlitUpSlit
BlockPuzzleComboWidget,HardyDesignBlockLizard
BlockPuzzleLevelInfoData,HardyDesignCrudeComaGaze
BlockPuzzleLevelManager,HardyDesignCrudeFaculty
BlockPuzzleMoveManager,HardyDesignAvidFaculty
BlockPuzzleRubImageController,HardyDesignWinKnifeGeneralist
BlockPuzzleRubImageTotalController,HardyDesignWinKnifeEarlyGeneralist
BlockPuzzleRubTwoImageController,HardyDesignWinHueKnifeGeneralist
BlockPuzzleScrapingCardWidget,HardyDesignOutsiderScatLizard
BlockPuzzleMentalRewardWidget,HardyDesignAttachMortalLizard
BlockPuzzleMentalWidget,HardyDesignAttachLizard
Const,Crest
PHConst,PHCrest
Ctrl,Peat
AdCtrl,ByPeat
Res,Him
CheckAdCanShowRes,RouteByFoeFordRes
AdjustCtrl,PlentyPeat
EventLogCtrl,LayerFatPeat
HttpRequestCtrl,RootIsotopePeat
HttpRequestModel,RootIsotopeStorm
LoginCtrl,DustyPeat
Native,Silent
NativeCtrl,NativePeat
RateUsCtrl,BuzzIDPeat
RewardCtrl,MortalPeat
RiskCtrl,StayPeat
ServerConfigCtrl,RunoffChoppyPeat
AdManager,ByFaculty
EventLogManager,LayerFatFaculty
PHManager,PHFaculty
PHUIManager,PHUIFaculty
AdMaxService,ByUteBifocal
AdTestService,ByTuneBifocal
BestHttpService,LimeRootBifocal
UnityWebRequestService,HorseHowIsotopeBifocal
BlockUserPanel,HardyDeftSpear
DebugInfoPanel,ThumbComaSpear
RateUsPanel,BuzzIDSpear
RequestTimeoutPanel,IsotopeUnaidedSpear
UpdatePanel,RejoinSpear
PHUtil,PHVolt
AdjustTestPanel,PlentyTuneSpear
AdManagerTestPanel,ByFacultyTuneSpear
Outline,Everest
MultiOutline,ExaltEverest
Adaptation,Televisual
ScreenSizeAdaptation,IndianFlatTelevisual
Trigger,Horizon
EventTriggerListener,LayerHorizonAccurate
MessageCenter,PreciseCinema
KeyValuesUpdate,WanSquareRejoin
Anlysis,Grammar
Exception,Catchment
JsonAnlysisException,RoamGrammarCatchment
ResourcesMgr,CriticismEka
UIMaskMgr,UIFiveEka
Helper,Legend
UnityHelper,HorseLegend
LauguageMgr,TreelessEka
BaseUIForms,AlgaUISleek
UIManager,UIFaculty
UIType,UIWell
AdEventLogService,ByLayerFatBifocal
BaseEventLogService,AlgaLayerFatBifocal
DauEventLogService,UrnLayerFatBifocal
RewardEventLogService,MortalLayerFatBifocal
UserEventLogService,DeftLayerFatBifocal
MaskControl,FiveNebular
PageView,TaleWale
ScrollView,MaidenWale
ScrollViewItem,MaidenWaleBath
Fetcher,Clarity
GAIDFetcher,GAIDFetcher
ReferrerFetcher,HeritageClarity
InstallReferrerStateListener,UseableHeritageSpellAccurate
ICON,ICON
ICON_512,ICON_512
btn,Fox
btn_01,Fox_01
Coins,Snowy
line,Mine
line_btn,Mine_Fox
Lvbis,Blame
Adventure,Consensus
chessboard,Woodworker
earth,Bless
Adventure_chessboard_earth,Consensus_Woodworker_Bless
Candy,Stock
Block_Candy_1,Hardy_Stock_1
Block_Candy_2,Hardy_Stock_2
Block_Candy_3,Hardy_Stock_3
Block_Candy_4,Hardy_Stock_4
Block_Candy_5,Hardy_Stock_5
Cat,Arm
block_Cat_1,Trade_Arm_1
block_Cat_2,Trade_Arm_2
block_Cat_3,Trade_Arm_3
block_Cat_4,Trade_Arm_4
block_Cat_5,Trade_Arm_5
block_Cat_6,Trade_Arm_6
Cherry,Metric
block_Cherry_1,Trade_Metric_1
block_Cherry_2,Trade_Metric_2
block_Cherry_3,Trade_Metric_3
block_Cherry_4,Trade_Metric_4
block_Cherry_5,Trade_Metric_5
block_Cherry_6,Trade_Metric_6
block_Cherry_7,Trade_Metric_7
cloud,Smoky
block_cloud_1,Trade_Smoky_1
block_cloud_2,Trade_Smoky_2
block_cloud_3,Trade_Smoky_3
block_cloud_4,Trade_Smoky_4
Dog,Sow
Block_Dog_1,Hardy_Sow_1
Block_Dog_2,Hardy_Sow_2
Block_Dog_3,Hardy_Sow_3
Block_Dog_4,Hardy_Sow_4
Block_Dog_5,Hardy_Sow_5
Block_Dog_6,Hardy_Sow_6
Block_Dog_7,Hardy_Sow_7
duck,Over
block_duck_1,Trade_Over_1
block_duck_2,Trade_Over_2
block_duck_3,Trade_Over_3
block_duck_4,Trade_Over_4
block_duck_5,Trade_Over_5
block_duck_6,Trade_Over_6
block_duck_7,Trade_Over_7
b,b
block_earth_b1,Trade_Bless_b1
block_earth_b2,Trade_Bless_b2
block_earth_b3,Trade_Bless_b3
g,g
block_earth_g1,Trade_Bless_g1
block_earth_g2,Trade_Bless_g2
block_earth_g3,Trade_Bless_g3
heart,Skill
block_heart_1,Trade_Skill_1
block_heart_2,Trade_Skill_2
block_heart_3,Trade_Skill_3
block_heart_4,Trade_Skill_4
block_heart_5,Trade_Skill_5
Jellyfish,Woodblock
Block_Jellyfish_1,Hardy_Woodblock_1
Block_Jellyfish_2,Hardy_Woodblock_2
Block_Jellyfish_3,Hardy_Woodblock_3
Block_Jellyfish_4,Hardy_Woodblock_4
Block_Jellyfish_5,Hardy_Woodblock_5
Block_Jellyfish_6,Hardy_Woodblock_6
Block_Jellyfish_7,Hardy_Woodblock_7
Plant,Voice
block_Plant_1,Trade_Voice_1
block_Plant_2,Trade_Voice_2
block_Plant_3,Trade_Voice_3
block_Plant_4,Trade_Voice_4
block_Plant_5,Trade_Voice_5
block_Plant_6,Trade_Voice_6
block_Plant_7,Trade_Voice_7
block_Plant_8,Trade_Voice_8
block_Plant_9,Trade_Voice_9
Rose,Bony
block_Rose_1,Trade_Bony_1
block_Rose_2,Trade_Bony_2
block_Rose_3,Trade_Bony_3
block_Rose_4,Trade_Bony_4
block_Rose_5,Trade_Bony_5
block_Rose_6,Trade_Bony_6
block_Rose_7,Trade_Bony_7
block_Rose_8,Trade_Bony_8
green,Moody
Btn_3_green,Via_3_Moody
Chessboard,Durability
Chessboard_Candy,Durability_Stock
Chessboard_Cat,Durability_Arm
Chessboard_Cherry,Durability_Metric
Cloud,Cycle
Chessboard_Cloud,Durability_Cycle
Chessboard_Dog,Durability_Sow
Duck,Road
Chessboard_Duck,Durability_Road
Heart,Board
Chessboard_Heart,Durability_Board
Chessboard_Jellyfish,Durability_Woodblock
Chessboard_Plant,Durability_Voice
Chessboard_Rose,Durability_Bony
GoldPixel,FromDaunt
GoldPixel_2,FromDaunt_2
GoldPixel_block,FromDaunt_Trade
adv,Eon
RewardBar_adv,MortalMud_Eon
Title,Crest
adventure,Dramatize
Title_adventure,Crest_Dramatize
trophy,Bypass
groove,Upwind
trophy_groove,Bypass_Upwind
Trophy_star,Rocket_Berg
empty,Legal
Trophy_star_empty,Rocket_Berg_Legal
UI,UI
UI_ChangeScene_1,UI_FactorPupil_1
UI_ChangeScene_2,UI_FactorPupil_2
Bird,Gift
Blue,Soak
Colour,Differ
Crocodile,Mutualism
Cup,Son
Deer,Herb
Flower,Wealth
Lower,Messy
Man,Tie
Mushroom,Residual
Orange,Harlem
Purple,Relief
Red,Wit
TrophyBG,RocketBG
Yellow,Desert
BOX,BOX
Sots,Rate
SotsBGA,RateBGA
SotsBGB,RateBGB
bigbrain,Marriage
bigbrain_b,Marriage_b
table,Faith
Brain_table_1,Fatty_Faith_1
Brain_table_2,Fatty_Faith_2
History,Imagery
HistoryCard,ImageryScat
HistoryCard_1,ImageryScat_1
I,I
icon,Mate
icon_Ok,Mate_It
Light_Card_Today,Shore_Scat_Below
PB,PB
Big,Air
BigBrain,AirFatty
PB_BigBrain_1,PB_AirFatty_1
PB_BigBrain_BG,PB_AirFatty_BG
Tobay,Frown
TobayTimeBar,FrownPortMud
V,V
BEST,BEST
SCORE,SCORE
BEST_SCORE,BEST_SCORE
BGB,BGB
Box_on,Fen_So
Button_A,Proton_A
C,C
Button_C,Proton_C
Dollar,Encase
icon_mask_1,Mate_Club_1
Lightning,Escalator
ON,ON
ScheduleBG,OvertimeBG
SO,SO
CLOSE,CLOSE
SO_CLOSE,SO_CLOSE
Sun,Too
WELL,WELL
DONE,DONE
WELL_DONE,WELL_DONE
DONEA,DONEA
WELL_DONEA,WELL_DONEA
bubble,Tannin
soap,Away
bubble_soap,Tannin_Away
Circle01,Tunnel01
Circle03,Tunnel03
confetti,Pretense
Effects,Variety
Effects_Circle 1,Variety_Tunnel 1
Effects_Circle,Variety_Tunnel
x,x
soft,Eddy
Effects_Cloud_2x2_soft,Variety_Cycle_2x2_Eddy
Glow,Belt
Effects_Glow,Variety_Belt
GlowCircle,BeltTunnel
Effects_GlowCircle,Variety_BeltTunnel
Effects_Star,Variety_Gear
glow,Neat
glow1,Neat1
Noise,Slush
Caustic,Rigidly
NoiseCaustic,SlushRigidly
NoiseCaustic03,SlushRigidly03
Ray,Fun
Ray01,Fun01
Schedule3,Overtime3
Star01,Gear01
Fx,Dy
FxGoldIcon,DyFromLeak
UI_FxGoldIcon,UI_DyFromLeak
greencoin,Worksheet
icon_greencoin,Mate_Worksheet
Partition,Alligator
PinballArea,TouristDose
PinballArea_1,TouristDose_1
PinballArea_2,TouristDose_2
PinballArea_3,TouristDose_3
Tick,Wale
Map,Rod
BrainMap,FattyRod
BrainMapBG,FattyRodBG
Green,Visit
Lowe,Lone
Lrock,Clear
LoweLrock,LoneClear
LowerBG,MessyBG
Turntable,Southeast
UIBG,UIBG
robox,Anvil
AmazonIcon,CorsetLeak
UI_AmazonIcon,UI_CorsetLeak
BtnBlue,ViaSoak
UI_BtnBlue,UI_ViaSoak
BtnGreen,ViaVisit
UI_BtnGreen,UI_ViaVisit
CashOutBG,HurlAntBG
UI_CashOutBG,UI_HurlAntBG
Con,Tin
HomeCashICon,FindHurlITin
UI_HomeCashICon,UI_FindHurlITin
HomeGoldIcon,FindFromLeak
UI_HomeGoldIcon,UI_FindFromLeak
TopBarBG,WaxMudBG
UI_TopBarBG,UI_WaxMudBG
PopBG,BegBG
UI_PopBG,UI_BegBG
UI_PopBG_1,UI_BegBG_1
loading,Earthen
loadingBG,EarthenBG
UI_loadingBG,UI_EarthenBG
LoadingIcon,TrampleLeak
UI_LoadingIcon,UI_TrampleLeak
LoadingProgress,TrampleRegional
UI_LoadingProgress,UI_TrampleRegional
LoadingProgressBG,TrampleRegionalBG
UI_LoadingProgressBG,UI_TrampleRegionalBG
UI_Hand,UI_Hawk
UI_Hand_Ani_1,UI_Hawk_Sun_1
UI_Hand_Ani_2,UI_Hawk_Sun_2
UI_Hand_Ani_3,UI_Hawk_Sun_3
UI_Hand_Ani_4,UI_Hawk_Sun_4
UI_Hand_Ani_5,UI_Hawk_Sun_5
UI_Hand_Ani_6,UI_Hawk_Sun_6
UI_Hand_Ani_7,UI_Hawk_Sun_7
UI_Hand_Ani_8,UI_Hawk_Sun_8
UI_Hand_Ani_9,UI_Hawk_Sun_9
NewPlayTextBG,RayItemTearBG
UI_NewPlayTextBG,UI_RayItemTearBG
PauseButton,NeedyProton
UI_PauseButton,UI_NeedyProton
PopButton,BegProton
UI_PopButton,UI_BegProton
UI_PopButton_1,UI_BegProton_1
PopClose,BegSpoon
UI_PopClose,UI_BegSpoon
BoxRewardBar,FenMortalMud
BoxRewardBar_1,FenMortalMud_1
Btn_2,Via_2
long,Wren
Btn_2_long,Via_2_Wren
Btn_3,Via_3
grey,Dome
Btn_3_grey,Via_3_Dome
Btn_3_grey_1,Via_3_Dome_1
Btn_3_groove,Via_3_Upwind
Btn_box_1,Via_Beg_1
orange,Cereal
Btn_orange_1,Via_Cereal_1
Btn_X,Via_X
icon_Back,Mate_Good
off,Lad
icon_box_off,Mate_Beg_Lad
icon_box_on,Mate_Beg_So
down,Pine
icon_down_1,Mate_Pine_1
help,Mask
icon_help,Mate_Mask
home,Girl
icon_home_1,Mate_Girl_1
Lock,Plus
Icon_Lock_2,Leak_Plus_2
icon_retry_1,Mate_Gesso_1
up,So
icon_up_1,Mate_So_1
video,Smite
icon_video_2,Mate_Smite_2
PB_Revive_1,PB_Phrase_1
PB_Revive_bg,PB_Phrase_ID
SuccessBox,IcebergFen
PB_SuccessBox_1,PB_IcebergFen_1
PB_SuccessBox_1_BG,PB_IcebergFen_1_BG
PB_SuccessBox_2,PB_IcebergFen_2
Pop_Back_1,Beg_Good_1
Pop_Back_2,Beg_Good_2
Pop_Back_3,Beg_Good_3
Pop_groove_1,Beg_Upwind_1
ScratchCard,CompanyScat
Pop_ScratchCard_Back,Beg_CompanyScat_Good
Reward_4,Mortal_4
scoreboard,Cumulative
scoreboard_2,Cumulative_2
SetUp,TugIf
Switch_off,Climax_Lad
Switch_on,Climax_So
TextBar,TearMud
TextBar_1,TearMud_1
Title_,Crest_
Title_Best,Crest_Lime
UIA,UIA
UIB,UIB
0,0
2-1,2-1
2-2,2-2
board,Being
bg_board,ID_Being
title,Hairy
bg_title_01,ID_Hairy_01
icon_item_22,Mate_Utah_22
kuang,Maser
kuang1,Maser1
tab,Hit
tab_bg,Hit_ID
tab_bg_active,Hit_ID_Biotic
text1,Tang1
BoardB,NovelB
Floor,Sight
star_BG,Berg_BG
v,v
LevelPopStar,CrudeBegGear
UI_LevelPopStar,UI_CrudeBegGear
LevelPopStarBG,CrudeBegGearBG
UI_LevelPopStarBG,UI_CrudeBegGearBG
RateBG,BuzzBG
UI_RateBG,UI_BuzzBG
RateBtn,BuzzVia
UI_RateBtn,UI_BuzzVia
boardA,BeingA
Coating,Agility
CoatingA,AgilityA
CoatingB,AgilityB
Triangle,Missouri
cratchcard,Torrential
icon_cratchcard_1,Mate_Torrential_1
icon_cratchcard_2,Mate_Torrential_2
icon_cratchcard_3,Mate_Torrential_3
icon_cratchcard_4,Mate_Torrential_4
Hikemask,Gradient
WordHikemask,EpicGradient
scratch,Possess
WordHikemask_scratch_2,EpicGradient_Possess_2
Hikepaint,Frivolity
WordHikepaint,EpicFrivolity
coat,Rush
WordHikepaint-coat,EpicFrivolity-Rush
Msic,Iraq
mMsic,mIraq
mMsic_1,mIraq_1
shock,Court
shock_1,Court_1
SoundEffects,BiomeVariety
SoundEffects_1,BiomeVariety_1
Ban,Big
BanMusicIcon,BigRaiseLeak
UI_BanMusicIcon,UI_BigRaiseLeak
BanSoundIcon,BigBiomeLeak
UI_BanSoundIcon,UI_BigBiomeLeak
UI_MusicIcon,UI_RaiseLeak
PauseBar,NeedyMud
UI_PauseBar,UI_NeedyMud
UI_SoundIcon,UI_BiomeLeak
pack,Lace
bg_pack1,ID_Lace1
bg_title_02,ID_Hairy_02
icon_bg_01,Mate_ID_01
icon_bg_02,Mate_ID_02
light,Erupt
light_pack1,Erupt_Lace1
shop,Fear
shop_bg_02,Fear_ID_02
,
,
LevelPopCardBG,CrudeBegScatBG
UI_LevelPopCardBG,UI_CrudeBegScatBG
LevelPop,CrudeBeg
UI_LevelPop_SlotBG,UI_CrudeBeg_BlipBG
SlotCard,BlipScat
UI_LevelPop_SlotCard,UI_CrudeBeg_BlipScat
SlotPop,BlipBeg
UI_LevelPop_SlotPop,UI_CrudeBeg_BlipBeg
UI_SlotBG,UI_BlipBG
icon_btn_14_03,Mate_Fox_14_03
icon_btn_14_05,Mate_Fox_14_05
ui_btn_01_02,No_Fox_01_02
cash,Twin
cash_More,Twin_Toad
w,w
Icon_Cash_w,Leak_Hurl_w
Icon_gold_w,Leak_Mite_w
MoreGold,ToadFrom
Icon_MoreGold_w,Leak_ToadFrom_w
Jindui,Compel
WheelBG,BowelBG
WheelBG_1,BowelBG_1
Centre,Warmth
WheelCentre,BowelWarmth
Wheelpointer,Proficiently
WheelTitle,BowelCrest
WheelTitle_bg,BowelCrest_ID
luckyspin,Exuberant
WheelTitle_luckyspin,BowelCrest_Exuberant
Wheel_In,Bowel_At
Hike,Sift
WordHikeA,EpicSiftA
blue,Dull
PopBG_blue_1,BegBG_Dull_1
S,S
PopBG_blue_1_S,BegBG_Dull_1_S
PopBG_blue_2,BegBG_Dull_2
PopBG_blue_2_S,BegBG_Dull_2_S
music,Miner
icon_music,Mate_Miner
sound,Labor
icon_sound,Mate_Labor
switch,Cavern
switch_off,Cavern_Lad
switch_on,Cavern_So
RateStar,BuzzGear
RateStar_off,BuzzGear_Lad
RateStar_on,BuzzGear_So
Btn_Pop_close,Via_Beg_Unify
Btn_Pop_Green,Via_Beg_Visit
Btn_Pop_Red,Via_Beg_Wit
btn_Pop_video,Fox_Beg_Smite
Btn_Pop_Yellow,Via_Beg_Desert
main,Sing
BG_main_1,BG_Sing_1
BlockPuzzleBlock,HardyDesignHardy
s,s
BlockPuzzleBlock_00_s,HardyDesignHardy_00_s
Block_00,Hardy_00
Block_00_s,Hardy_00_s
Block_01,Hardy_01
Block_01_s,Hardy_01_s
Block_02,Hardy_02
Block_02_s,Hardy_02_s
Block_03,Hardy_03
Block_03_s,Hardy_03_s
Block_04,Hardy_04
Block_04_s,Hardy_04_s
Block_05,Hardy_05
Block_05_s,Hardy_05_s
Block_Cash_s,Hardy_Hurl_s
BoxSlot,FenBlip
BoxSlot_1,FenBlip_1
BoxSlot_2,FenBlip_2
Pointer,Comical
BoxSlot_Pointer_1,FenBlip_Comical_1
Btn_Brain_3,Via_Fatty_3
chest,Sweat
btn_icon_chest_1,Fox_Mate_Sweat_1
setting,Curator
btn_setting_1,Fox_Curator_1
btn_setting_2,Fox_Curator_2
SHOP,SHOP
Btn_SHOP_2,Via_SHOP_2
Btn_SHOP_gold,Via_SHOP_Mite
warehouse,Curiously
lock,Loan
Btn_warehouse_lock,Via_Curiously_Loan
r,r
cash_r,Twin_r
FinishLight,MarketShore
BlockLight,HardyShore
Fx_BlockLight_1,Dy_HardyShore_1
GameBoard_1,WhenNovel_1
GameBoard_2,WhenNovel_2
GoldBarBG,FromMudBG
GoldBarBG_1,FromMudBG_1
GoldBarBG_2,FromMudBG_2
icon_cash_r,Mate_Twin_r
icon_gold_r,Mate_Mite_r
icon_video_1,Mate_Smite_1
ring,Puff
WAREHOUSE,WAREHOUSE
Light_ring_WAREHOUSE,Shore_Puff_WAREHOUSE
Selection,Disrepute
SelectionBox,DisreputeFen
Light_SelectionBox,Shore_DisreputeFen
brain,Usual
PB_brain_1,PB_Usual_1
PB_brain_1_BG,PB_Usual_1_BG
PB_brain_2,PB_Usual_2
TopUI,WaxUI
PB_TopUI_2,PB_WaxUI_2
PB_TopUI_2_BG,PB_WaxUI_2_BG
PB_TopUI_3,PB_WaxUI_3
PB_TopUI_3_BG,PB_WaxUI_3_BG
Score,Dusty
ScoreBar,DustyMud
ScoreBar_2,DustyMud_2
Scoreboard,Inspection
classic,Termite
F,F
Scoreboard_classic_F1,Inspection_Termite_F1
Scoreboard_classic_F2,Inspection_Termite_F2
SlotBlock,BlipHardy
SlotBlock_1,BlipHardy_1
SlotBlock_2 1,BlipHardy_2 1
SlotBlock_2,BlipHardy_2
SlotBlock_gold,BlipHardy_Mite
smallwhell,Acceptable
smallwhell_1,Acceptable_1
smallwhell_2,Acceptable_2
smallwhell_3,Acceptable_3
smallwhell_4,Acceptable_4
TargetBar,CobaltMud
TargetBar_1,CobaltMud_1
TargetBar_2,CobaltMud_2
TargetBar_4,CobaltMud_4
TopBar_line,WaxMud_Mine
Ware,That
House,Curve
WareHouseBG,ThatCurveBG
WareHouseBG_1,ThatCurveBG_1
GoldBar,FromMud
GoldBar_b_1,FromMud_b_1
GoldBar_w_1,FromMud_w_1
Icon_gold_0514,Leak_Mite_0514
Btn_Loading,Via_Trample
icon_1024,Mate_1024
icon_512,Mate_512
Book,Gray
Facet,Fluke
BookFacet,GrayFluke
BookFacet_2,GrayFluke_2
Rust,Doom
RustLower,DoomMessy
RustLower_2,DoomMessy_2
Ago,Jaw
Boost,Adapt
Fervor,Direct
Gnaw,Song
Worsen,Roller
Ice,Bis
He,Of
IceHe,BisOf
Off,Fir
SoundOff,BiomeFir
UI_SoundOff,UI_BiomeFir
SoundOn,BiomeIt
UI_SoundOn,UI_BiomeIt
icon_gold_01,Mate_Mite_01
icon_pack1,Mate_Lace1
Sound_BGM,Biome_BGM
Blockclean,Washington
Sound_Blockclean_1,Biome_Washington_1
Sound_Blockclean_2,Biome_Washington_2
Chapterchange,Carboniferous
Sound_Chapterchange,Biome_Carboniferous
Chapterpop,Separately
Sound_Chapterpop,Biome_Separately
CompleteLevel,HomelessCrude
Sound_CompleteLevel,Biome_HomelessCrude
Scrat,Lathe
CompleteScratCard,HomelessLatheScat
Sound_CompleteScratCard,Biome_HomelessLatheScat
countup,Topsoil
Sound_countup,Biome_Topsoil
doublereward,Unchangeable
Sound_doublereward,Biome_Unchangeable
Drop,Flag
Sound_Drop,Biome_Flag
Sound_Fail,Biome_Tile
Sound_GoldCoin,Biome_FromLuce
Multipleclean,Communication
Sound_Multipleclean,Biome_Communication
Arm,Tie
Bandit,Tribal
OneArmBandit,DamTieTribal
Sound_OneArmBandit,Biome_DamTieTribal
Openboard,Medicinal
Sound_Openboard,Biome_Medicinal
Sound_PopShow,Biome_BegFord
Progressive,Subtraction
Sound_Progressive_1,Biome_Subtraction_1
Sound_Progressive_2,Biome_Subtraction_2
Sound_Progressive_3,Biome_Subtraction_3
Sound_Progressive_4,Biome_Subtraction_4
Sound_Progressive_5,Biome_Subtraction_5
Sound_Progressive_6,Biome_Subtraction_6
Sound_Progressive_7,Biome_Subtraction_7
Sound_Progressive_8,Biome_Subtraction_8
Fillamount,Disability
SchFillamount,LopDisability
Sound_SchFillamount,Biome_LopDisability
ScratCardCricle,LatheScatBroker
Sound_ScratCardCricle,Biome_LatheScatBroker
Carding,Percent
ScratCarding,LathePercent
Sound_ScratCarding,Biome_LathePercent
startgame,Elevation
Sound_startgame,Biome_Elevation
Take,Ooze
Sound_Take,Biome_Ooze
Targetcomplete,Discrimination
Sound_Targetcomplete,Biome_Discrimination
Targetfly,Represent
Sound_Targetfly,Biome_Represent
Sound_Trophy,Biome_Rocket
UIButton,UIProton
Sound_UIButton,Biome_UIProton
Welldone,Manifest
Sound_Welldone,Biome_Manifest
Woodloading,Publication
Sound_Woodloading,Biome_Publication
Successful,Theatrical
Successful 2,Theatrical 2
,
,
1,1
,
,
1,1
2,2
3,3
4,4
5,5
6,6
7,7
,
,
,
,
,
good,Task
great,Cycle
excellent,Propriety
amazing,Chicago
,
,
,
,
,
Air,Run
Wall,Soon
AirWall,RunSoon
BlockPuzzleCombo,HardyDesignBlock
NEW,NEW
BlockPuzzleCombo_NEW,HardyDesignBlock_NEW
BlockPuzzleItemBar,HardyDesignBathMud
BlockPuzzleLevelMask,HardyDesignCrudeFive
BlockPuzzleResourceBar,HardyDesignCohesiveMud
BlockPuzzleSlotBG,HardyDesignBlipBG
Tab,Cup
BlockPuzzleTab,HardyDesignCup
BlockPuzzleText,HardyDesignTear
BlockPuzzleToast,HardyDesignWeave
CashPop,HurlBeg
Cash_Bar,Hurl_Mud
ClearSpine,VirgoBegin
Hole,Peat
HoleFX,PeatFX
yellow,Reason
HoleFX_yellow,PeatFX_Reason
MainManager,DeftFaculty
Ball,Lava
PinBallText,TedLavaTear
CreatLevelPanel,CruelCrudeSpear
GamePanel_A,WhenSpear_A
SaveDataManager,MindGazeFaculty
ServerData,RunoffGaze
ConfigManagerByJson,ChoppyFacultyHeRoam
IConfigManager,IChoppyFaculty
Sys,Era
Define,Openly
SysDefine,EraOpenly
Particle,Eighteen
UIParticleSystem,UIEighteenDetect
BlockPuzzleGameBlock,HardyDesignWhenHardy
PHSaveDataManager,PHMindGazeFaculty
AdEventLogModel,ByLayerFatStorm
Response,Flourish
HttpResponse,RootFlourish
Sensors,Clement
SensorsModel,ClementStorm
ServerConfigModel,RunoffChoppyStorm
UserModel,DeftStorm
IAdService,IByBifocal
IEventLogService,ILayerFatBifocal
INativeService,ISilentBifocal
Android,Confine
AndroidNativeService,ConfineSilentBifocal
EditorNativeService,FamineSilentBifocal
IOSNativeService,IOSSilentBifocal

